<?xml version="1.0" encoding="UTF-8"?>
<project-private xmlns="http://www.netbeans.org/ns/project-private/1">
    <editor-bookmarks xmlns="http://www.netbeans.org/ns/editor-bookmarks/2" lastBookmarkId="0"/>
    <open-files xmlns="http://www.netbeans.org/ns/projectui-open-files/2">
        <group>
            <file>file:/C:/Users/Kevin/OneDrive%20-%20unimilitar.edu.co/Escritorio/Materias%202023%20-%201/Programación%20lll/LAB06/HilosClass/src/MainHilos.java</file>
            <file>file:/C:/Users/Kevin/OneDrive%20-%20unimilitar.edu.co/Escritorio/Materias%202023%20-%201/Programación%20lll/LAB06/HilosClass/src/VenDados.java</file>
        </group>
    </open-files>
</project-private>
